question,entity,news_context
Can you tell me the latest news?,Can you tell me the latest news?,"Current Date and Time: 2023-07-25 16:33:50.766772

Description: 90 Day Fiancé: The Other Way airs on TLC on Mondays at 8:00 p.m. ET. Season 5 isn't too deep into its run, which means those who are behind on the season can easily catch up on Max if they have a spare evening to knock it all out.
Provider: Cinema Blend
Date Published: 2023-07-25T09:48:00.0000000Z

Description: The View’ host called out the country star for his new song ‘Try That In A Small Town,’ which he has denied having references to race
Provider: Hollywood Life on MSN.com
Date Published: 2023-07-20T16:36:07.0000000Z

Description: Created by Christopher Miller, “The Afterparty” is told from a different character’s perspective in each episode. Additionally, those episodes suggest the work of famous directors.
Provider: Tulsa World
Date Published: 2023-07-25T08:15:00.0000000Z

Description: Miracle gave birth to her last puppy in the back of the animal control van. Fuzzy Friends Animal Rescue then took in the dog and her babies.
Provider: KWTX
Date Published: 2023-07-18T18:55:00.0000000Z

Description: Abortions were illegal over the weekend between the time Gov. Reynolds signed the bill on July 14 until the law was blocked on Monday, July 17.
Provider: The Gazette
Date Published: 2023-07-23T13:53:00.0000000Z

Description: We’ll see what happens,” he continues. “If it goes well we’ll look to the Del Mar Oaks and, if not, maybe the Torrey Pines.”
Provider: Paulick Report
Date Published: 2023-07-21T19:59:00.0000000Z

Description: Welcome to Kiss and Tell, a new series about the steamy ... and both the heat and my growing anxiety were making me sweaty. Definitely not ideal. When he finally arrived, I was relieved.
Provider: Toronto Life
Date Published: 2023-07-14T18:30:00.0000000Z

Description: It was an invigorating feat that left me contemplating the possibility of owning an e-bike of my own in the future, knowing the sheer joy and convenience it can bring. Before entering the Tavern, we made a pit stop at the newly-remodeled Saloon adjacent to ...
Provider: The Aspen Times
Date Published: 2023-07-15T01:47:00.0000000Z

"
What are the news headlines today?,What are the news headlines today?,"Current Date and Time: 2023-07-25 16:33:50.445541

Description: The Buffalo Bills' Hamlin experienced cardiac arrest during a nationally televised game in January.
Provider: Today
Date Published: 2023-07-25T16:05:00.0000000Z

Description: The USC freshman guard was taken to the hospital and treated after suffering cardiac arrest during a workout with the team, a family spokesperson said.
Provider: Today
Date Published: 2023-07-25T14:57:00.0000000Z

Description: The murder of 8-year-old Gretchen Harrington shook Marple Township, Pennsylvania, just outside Philadelphia. Authorities say the man recently confessed.
Provider: Today
Date Published: 2023-07-25T12:06:00.0000000Z

Description: He wrote in a July 25 post that the Alabama nursing student's kidnapping hoax had caused ""hurt, confusion and dishonesty.""
Provider: Today
Date Published: 2023-07-25T05:06:00.0000000Z

Description: On July 24, the music streamer announced it would increase the cost of its premium subscriptions by up to an additional $2 a month. In a news release, Spotify shared that subscribers to the platform will receive an email explaining the adjustments to their accounts for Premium Individual, Premium Duo, Premium Family and Premium Student.
Provider: Today
Date Published: 2023-07-25T00:18:00.0000000Z

Description: Some critics of “Sound of Freedom” take issue with its popularity among supporters of QAnon, a far-right conspiracy group that promotes the baseless claim that former President Trump is fighting a secret war against a network of “Satanist child abusers in government entertainment and the media.” QAnon’s theories proliferate on social media.
Provider: Today
Date Published: 2023-07-25T14:43:00.0000000Z

Description: Jenna Bush Hager shares that she saw the ""Barbie"" movie with her daughter Poppy and opens up about how the film shows what it means to be human and a mother. “I cried multiple times. It’s beautiful,” she said.
Provider: Today
Date Published: 2023-07-25T14:29:00.0000000Z

Description: NeNe Leakes says her oldest son’s addiction has her at a loss. The former star of ""The Real Housewives of Atlanta"" spoke about her son Bryson Rashard Bryant’s struggles in a clip previewing an upcoming two-part interview for the “Reality with the King” podcast, according to People magazine.
Provider: Today
Date Published: 2023-07-25T14:24:00.0000000Z

Description: Keke Palmer is opening up about “accepting and loving all parts” of herself. The “Nope” star, 29, talked about publicly embracing her sexuality in a recent interview with Raven-Symoné and her wife, Miranda Maday, in a recent episode of “The Best Podcast Ever with Raven and Miranda.”
Provider: Today
Date Published: 2023-07-25T14:18:00.0000000Z

Description: After the babies were born in July 1991, Kathleen and Lee left the hospital with Rikki, while Kendall and Julianne went home to begin their life with adoptive parents Ken and Tina Scavo. The college sweethearts, who struggled with infertility for more than 6 years, had endured two failed adoptions.
Provider: Today
Date Published: 2023-07-24T19:50:00.0000000Z

"
What's the news on technology?,technology,"Current Date and Time: 2023-07-25 16:33:50.634220

Description: FOX Business' Madison Alworth reports on the concerns over the rise of A.I. in police departments on 'Varney & Co.'
Provider: Fox Business
Date Published: 2023-07-25T16:23:00.0000000Z

Description: Productivity is something economists look at very closely. And while it is a complicated issue, with the 2008 financial crisis and current high inflation having a negative impact, there are said to be two main explanations for why technology is not boosting productivity.
Provider: BBC
Date Published: 2023-07-23T23:05:00.0000000Z

Description: With the technology almost deployment-ready, autonomous trucking developers have turned their attention to commercialization.
Provider: VentureBeat
Date Published: 2023-07-24T20:20:00.0000000Z

Description: From a mobile app for cow management to an ""Uber for tractors,"" this is a glimpse into the future of agritech.
Provider: CNN
Date Published: 2023-07-24T14:37:00.0000000Z

Description: Bill Gates and his 10-year-old energy company TerraPower are planning their first cutting-edge nuclear power plant in Kemmerer. ""I'm curious why you chose Wyoming because Wyoming is in fact the largest coal-producing state. So you kind of walked into the lion's den on this one,"" correspondent Barry Petersen said.
Provider: CBS News
Date Published: 2023-07-23T13:36:00.0000000Z

Description: MRA Digital, a technology company led by visionary Founder & CEO, Glen Alexis, has achieved a significant breakthrough in its latest creation. This innovative technology, known as Organic intelligence geometry (Oi-g),
Provider: YAHOO!Finance
Date Published: 2023-07-25T16:15:00.0000000Z

Description: A suspect who admitted he grazed a Washington Technology Magnet School staff member with a bullet earlier this year was charged Monday with six felony counts in connection with that shooting and another shooting a week later.
Provider: YAHOO!News
Date Published: 2023-07-25T00:48:00.0000000Z

Description: The technology company, which acquired Whole Foods in 2017, is rolling out its Amazon One palm recognition feature at all grocery locations in the United States by the end of 2023, according to a June news release. Palm-scanning is currently available at 200 Whole Foods locations — including some in Sacramento.
Provider: YAHOO!News
Date Published: 2023-07-24T19:25:00.0000000Z

Description: The technology enables clinicians to accurately aim the radiation beams at the prostate, while avoiding bladder, urethra and rectal tissue. This, in turn, reduces short-term side effects for patients, according to researchers who analyzed 29 published studies. They reported their findings online July 24 in the journal Cancer.
Provider: U.S. News & World Report
Date Published: 2023-07-25T11:49:00.0000000Z

Description: While AI isn't quite ready for prime time, the technology has the potential to make Hollywood VFX artists more creative. It could also come for jobs.
Provider: Business Insider on MSN.com
Date Published: 2023-07-24T09:30:01.0000000Z

"
Any news about the stock market?,stock market,"Current Date and Time: 2023-07-25 16:33:50.694882

Description: Stocks are drifting as Wall Street waits to hear from some of its most influential companies, and whether their huge rally this year was justified.
Provider: Associated Press
Date Published: 2023-07-25T14:50:00.0000000Z

Description: Stocks opened mixed on Tuesday, with the Nasdaq on the rise as investors prepared for Microsoft and Alphabet earnings later, and for the Federal Reserve policy meeting to start.
Provider: YAHOO!Finance
Date Published: 2023-07-25T13:35:00.0000000Z

Description: So far, Wilson and his team have remained steadfast that stubborn inflation, declining corporate earnings and the March U.S. banking crisis would eventually undermine the rally after issuing a “tactically bullish” call back in October, shortly after the S&P 500 index recorded its Oct. 12 52-week closing low of 3,577.03.
Provider: MarketWatch
Date Published: 2023-07-25T12:08:00.0000000Z

Description: Apple, Microsoft, Alphabet, Amazon, Nvidia, Tesla and Meta Platforms – make up close to $11 trillion in market value and contributed about 75% of returns of the S&P 500 in the first half of 2023, according to a recent Bank of America report.
Provider: CNN
Date Published: 2023-07-25T12:40:00.0000000Z

Description: With recession in his forecast, Rosenberg steers investors into bonds and rate-sensitive stocks including utilities, consumer staples and REITs.
Provider: MarketWatch
Date Published: 2023-07-25T15:03:00.0000000Z

Description: U.S. stock futures pointed to a muted open on Tuesday, with Dow futures flat while the technology-heavy Nasdaq 100 was set to gain. Dow Jones Industrial Average futures were up 5 points, or less than 0.
Provider: Barron's
Date Published: 2023-07-25T13:40:00.0000000Z

Description: 10. General Motors (GM) reports a blowout quarter. Adjusted earnings per share $1.91 vs. $1.86 estimate. More importantly, the automaker raises its full-year adjusted earnings expectations to a range of $12 billion and $14 billion, up from a previous range of $11 billion to $13 billion. Is it too good for the unions?
Provider: CNBC
Date Published: 2023-07-25T11:01:00.0000000Z

Description: Marko Kolanovic is focused on three bearish catalysts that could ultimately upend the stock market rally and lead to a sizable sell-off.
Provider: Business Insider
Date Published: 2023-07-25T13:35:00.0000000Z

Description: The S&P 500 is trading near its highest level since April 2022 as hopes grow for a soft economic landing.
Provider: Wall Street Journal
Date Published: 2023-07-25T09:55:00.0000000Z

Description: Wall Street is ticking higher to start a week full of updates on where interest rates and profits for the stock market’s most influential companies are heading.
Provider: Associated Press
Date Published: 2023-07-25T04:13:00.0000000Z

"
What's happening in the entertainment world?,entertainment,"Current Date and Time: 2023-07-25 16:33:50.465241

Description: Within the last quarter, Live Nation Entertainment (NYSE:LYV) has observed the following analyst ratings: According to 12 analyst offering 12-month price targets in the last 3 months, Live Nation Entertainment has an average price target of $102.42 with a high of $110.00 and a low of $89.00.
Provider: Business Insider
Date Published: 2023-07-25T16:12:00.0000000Z

Description: Japanese police said they have arrested a woman and her parents in a bizarre beheading case in a popular night entertainment distrit in Japan’s northern city of Sapporo, where a headless man was found in a hotel room three weeks ago.
Provider: Associated Press
Date Published: 2023-07-25T11:42:00.0000000Z

Description: AMC Entertainment set a new post-Covid record for global admissions revenue this past weekend with Barbie and Oppenheimer leading a charge that drew 7.8 million moviegoers to theaters. Warner
Provider: Deadline.com on MSN.com
Date Published: 2023-07-24T21:27:00.0000000Z

Description: AMC Entertainment Holdings Inc (NYSE: AMC) shares are trading lower Tuesday on new developments related to the company's proposed
Provider: Benzinga.com
Date Published: 2023-07-25T14:47:00.0000000Z

Description: AMC Entertainment (AMC) saw its shares surge in the last session with trading volume being higher than average. The latest trend in earnings estimate revisions may not translate into further price increase in the near term.
Provider: YAHOO!Finance
Date Published: 2023-07-25T14:04:00.0000000Z

Description: In this piece, I evaluated two live entertainment stocks, Live Nation Entertainment (NYSE:LYV) and Eventbrite (NYSE:EB), using TipRanks’
Provider: TipRanks on MSN.com
Date Published: 2023-07-24T19:22:32.0000000Z

Description: Chevron added 2% after beating earnings expectations.
Provider: Wall Street Journal
Date Published: 2023-07-24T19:30:00.0000000Z

Description: Multiple insiders secured a larger position in The Star Entertainment Group Limited ( ASX:SGR ) shares over the last
Provider: YAHOO!News
Date Published: 2023-07-24T03:33:00.0000000Z

Description: Lions Gate Entertainment Corp., a media and entertainment company preparing to separate its namesake Lionsgate movie studio from its Starz pay television and streaming business, has a new general counsel in veteran film industry executive and former O’Melveny & Myers partner Bruce Tobey.
Provider: news.bloomberglaw
Date Published: 2023-07-25T09:00:00.0000000Z

Description: If you go to Twitter right now,  you’ll see the little blue bird has been replaced with a stylized X, which marks the end of an era in my book. But there’s more: Tweets are no longer to be referred to as ‘tweets’,
Provider: IGN
Date Published: 2023-07-24T21:34:00.0000000Z

"
Tell me the latest political news.,political,"Current Date and Time: 2023-07-25 16:33:50.621892

Description: Israel's stock market and currency stumbled as Prime Minister Benjamin Netanyahu began a highly controversial overhaul of the judicial system aimed at curbing the Supreme Court's power. Doctors went o
Provider: Wall Street Journal
Date Published: 2023-07-25T16:26:00.0000000Z

Description: Survey shows a small but significant share of Americans believe in use of force to attain political goals – from both left and right
Provider: The Guardian
Date Published: 2023-07-25T09:33:00.0000000Z

Description: Author, philosopher and libertarian thinker Ayn Rand, writing mostly in post-war America, predicted with remarkable accuracy many of the social crises facing America today.
Provider: Fox News
Date Published: 2023-07-25T07:01:00.0000000Z

Description: Politicians in Latin America are adopting Salvadoran President Nayib Bukele's style — aviator sunglasses, leather jackets, baseball caps — and his politics.
Provider: Los Angeles Times
Date Published: 2023-07-25T10:00:00.0000000Z

Description: Imprisoned Russian opposition political Alexei Navalny said on July 25 that Igor ""Strelkov"" Girkin, the recently arrested Russian war criminal, is a ""political prisoner"" who was ""detained illegally.""
Provider: YAHOO!News
Date Published: 2023-07-25T13:31:00.0000000Z

Description: Immigration has been a problem for President Joe Biden since day one, with record numbers of illegal border crossings set in both of his first two years in office and one that will take center stage again this week.
Provider: Washington Examiner on MSN.com
Date Published: 2023-07-25T08:00:00.0000000Z

Description: Cafes refuse to sell Pheu Thai party candidate’s favourite beverage amid fears of plot to ice-out coalition partners
Provider: The Guardian
Date Published: 2023-07-25T13:24:00.0000000Z

Description: US prosecutors and a man known as “King of Political Intelligence” for allegedly passing secret government information to traders arrived at an agreement under which securities fraud charges against him will be dropped.
Provider: Bloomberg L.P.
Date Published: 2023-07-25T02:06:00.0000000Z

Description: Israelis girded for a new period of tumult after Prime Minister Benjamin Netanyahu began overhauling the judicial system.
Provider: Wall Street Journal
Date Published: 2023-07-25T13:54:00.0000000Z

Description: The returns showed no party winning the support needed to govern, leaving the country facing weeks of uncertainty.
Provider: The New York Times
Date Published: 2023-07-23T20:59:00.0000000Z

"
Any updates on the sports world?,sports,"Current Date and Time: 2023-07-25 16:33:50.660791

Description: News sports reporter Tarek Fattal provides insight into Bronny James as a high school athlete and comments on his collapse at USC basketball practice
Provider: CBS News
Date Published: 2023-07-25T16:05:00.0000000Z

Description: USC men’s basketball player Bronny James collapsed during a practice session Monday afternoon and suffered cardiac arrest, according to several reports Tuesday morning.
Provider: Mercury News
Date Published: 2023-07-25T14:04:00.0000000Z

Description: There was no shortage of love shown to the incoming USC freshman following the news that he suffered a cardiac arrest during a practice.
Provider: Sports Illustrated
Date Published: 2023-07-25T15:38:00.0000000Z

Description: 2020 — Italian soccer team Juventus wins its 9th straight Serie A title in a 2-0 victory over Sampdoria. 2021 — Hidilyn Diaz becomes the first athlete from the Philippines to win an Olympic gold medal in the 55kg class of weightlifting at the Tokyo Games.
Provider: Associated Press
Date Published: 2023-07-25T14:00:00.0000000Z

Description: The Indiana High School Sports Awards, presented by the Indiana Pacers, is proud to announce the Players of the Year for all its spring sports. The winners for the fall and winter players of the year were announced during the live show in April. The spring winners are invited, for free, to the 2023-24 show next year, where they will be honored.
Provider: Yahoo! Sports
Date Published: 2023-07-25T14:00:00.0000000Z

Description: When it came to drag shows, 66% of likely Ohio voters want all performances restricted to those 18 years of age or older.
Provider: Yahoo
Date Published: 2023-07-25T14:18:00.0000000Z

Description: Sports predicts the Saints will win NFC South, but end their season with a home playoffs loss to a team they beat last year:
Provider: Yahoo! Sports
Date Published: 2023-07-25T13:45:00.0000000Z

Description: Some governing bodies are allowing Russian athletes back into Olympic qualifying competitions. But the International Olympic Committee says it hasn’t decided if they can compete at the Paris Games.
Provider: Associated Press
Date Published: 2023-07-24T18:19:00.0000000Z

Description: Olympians and world-class athletes; science experts, academics, and law; experts and various advocacy groups were in attendance.
Provider: CBS News
Date Published: 2023-07-24T17:53:00.0000000Z

"
Tell me the latest business news.,business,"Current Date and Time: 2023-07-25 16:33:50.697122

Description: Federal investment and steering of ascendant AI can disrupt necessary competitive disciplines, indemnifying companies in ways that the free market might not allow.
Provider: Forbes
Date Published: 2023-07-25T16:04:00.0000000Z

Description: President Biden’s repeated insistence that he had no knowledge of his son's business dealings continues to crumble as Congress awaits testimony from one of his son's former business partners.
Provider: Fox News
Date Published: 2023-07-25T11:18:00.0000000Z

Description: White House press secretary Karine Jean-Pierre claimed on Monday that President Biden ""was never in business with"" Hunter Biden despite new allegations.
Provider: Fox News
Date Published: 2023-07-25T09:00:00.0000000Z

Description: Before you're ready to hit the turbo jets on your business, you want to assess your business's current ""fitness"" level or condition.
Provider: Newsweek on MSN.com
Date Published: 2023-07-25T14:00:02.0000000Z

Description: It's so over. We're so back. Charting movie fans' chaotic emotional journey after 'Barbie' and 'Oppenheimer' blow away expectations.
Provider: Los Angeles Times
Date Published: 2023-07-25T14:00:00.0000000Z

Description: TikTok is expanding its empire and launching an e-commerce business to sell Chinese-made goods in the U.S., the Wall Street Journal reported Tuesday, as the fast-growing social media app attempts to compete with other online shopping platforms like Shein and Temu.
Provider: Forbes
Date Published: 2023-07-25T14:39:00.0000000Z

Description: As has been the case in recent quarters, home internet remains a growth area for Verizon with wireless broadband seeing 251,000 consumer net additions and its wired Fios offering adding 51,000 users. The company's business unit added 133,000 wireless broadband users during the quarter.
Provider: CNET
Date Published: 2023-07-25T15:41:00.0000000Z

Description: As part of News NOW’s series “Women Mean Business,” anchor Savannah Sellers sat down with Shiza Shahid, founder and co-CEO of kitchenware brand Our Place, to discuss how her business highlights inclusion and diversity.
Provider: NBC News
Date Published: 2023-07-25T15:14:00.0000000Z

Description: Trying to take a look into the future of development, the Lake Forest City Council has unanimously given preliminary approval to an update to the city’s comprehensive plan related to the central business district.
Provider: Chicago Tribune
Date Published: 2023-07-25T15:49:00.0000000Z

Description: Cohere's Coral uses AI and NLP to help knowledge workers receive responses to sector-specific requests, based on proprietary company data.
Provider: VentureBeat
Date Published: 2023-07-25T14:39:00.0000000Z

"
Any updates on the fashion world?,fashion,"Current Date and Time: 2023-07-25 16:33:50.722993

Description: Plastic Free July might just be the opportune time to examine the benefits of moving toward natural fibers like cotton.
Provider: Yahoo
Date Published: 2023-07-25T12:26:00.0000000Z

Description: Until recent, Good Counsel has thrived with a successful subscription model, launching its highly-anticipated e-commerce platform on June 1st, 2023.
Provider: Forbes
Date Published: 2023-07-25T15:42:00.0000000Z

Description: The fast fashion industry has created a culture of consumption that depends on the exploitation of people and the Earth.
Provider: Truthout
Date Published: 2023-07-25T14:21:00.0000000Z

Description: Residents of China are increasingly using ""facekinis"" to protect against a record-breaking heat wave that has been afflicting the country in recent weeks.
Provider: FOX News on MSN.com
Date Published: 2023-07-25T12:30:31.0000000Z

Description: First off is Peter Do ’s debut at Helmut Lang, which nabbed the kick-off slot on Friday, September 8 at 2 PM. This is the first time we’ll be seeing the label on the runway since spring 2020, when Mark Thomas and Thomas Cawson were in charge.
Provider: Vogue
Date Published: 2023-07-25T12:59:00.0000000Z

Description: “Most of the report is greenwashing, including mentions of sustainability initiatives that are voluntary or highlighting one-off or charity projects that serve as a red herring for the core business model,” Elizabeth L. Cline, an author and professor of fashion policy at Columbia University, told Sourcing Journal.
Provider: YAHOO!News
Date Published: 2023-07-24T10:00:00.0000000Z

Description: House of Blueberry teamed with Paramount Consumer Products to launch a Roblox collection of digital wearables inspired by film Clueless.
Provider: VentureBeat
Date Published: 2023-07-25T12:59:00.0000000Z

Description: Amidst the growing concerns about climate change and environmental degradation, the need for sustainable practices has become paramount for many businesses.
Provider: Zee Business
Date Published: 2023-07-25T15:49:00.0000000Z

Description: After a slow start, a dominant second and third quarter pushed Boeheim’s Army to a 99-83 win over Team Gibson in the first round of the 2023 The Basketball
Provider: Sports Illustrated
Date Published: 2023-07-25T15:12:00.0000000Z

"
Tell me the latest health and wellness news.,health and wellness,"Current Date and Time: 2023-07-25 16:33:50.679026

Description: ISPA Conference took place in Las Vegas with a plethora of wellness brands taking the spa industry to a new level with trends including clean & green, spirituality, and CBD-infused products.
Provider: Whole Foods Magazine
Date Published: 2023-07-25T14:22:00.0000000Z

Description: Hundreds took advantage of an opportunity to receive free health screenings in Sumner County during the Health and Wellness Expo, organized by Meharry Medical College and West Eastland Church of Christ.
Provider: YAHOO!News
Date Published: 2023-07-22T23:13:00.0000000Z

Description: Dr. Lana Garner and Dr. Leah Teekel-Taylor of Docs Outside the Box! and Kids Outside the Box! join Gayle Guyardo, the host of the global health and wellness show, Bloom, to discuss thyroid health
Provider: WFLA News Channel 8
Date Published: 2023-07-25T15:01:00.0000000Z

Description: Health and wellness coach Rochelle T. Parks had been a wellness enthusiast for many years and said she’s always known that “food is the foundation. Food can heal the body.”
Provider: WTOP News
Date Published: 2023-07-24T11:04:00.0000000Z

Description: As an Afro-Latinx woman, I’ve often felt left out of the mental health conversation. In my search for a therapist, I found myself scrolling through photo after photo of people who didn’t look like me.
Provider: AOL
Date Published: 2023-07-25T02:00:00.0000000Z

Description: Little Black Book, Spots from BUCK spotlights the healthtech brands commitment to developing innovative, premium, high-quality products
Provider: lbbonline
Date Published: 2023-07-25T15:36:00.0000000Z

Description: Practice Better, a leading, all-in-one practice management software platform for health and wellness professionals, announced today that it has acquired That Clean Life, a Toronto-based nutrition planning software for health and wellness professionals.
Provider: YAHOO!Finance
Date Published: 2023-07-25T12:59:00.0000000Z

Description: Petco Health and Wellness Company Inc. (NASDAQ: WOOF) has a price-to-earnings ratio of 34.11x that is above its average ratio. Additionally, the 36-month beta value for WOOF is 1.13. There are mixed opinions on the stock,
Provider: newsheater
Date Published: 2023-07-25T03:51:00.0000000Z

Description: And 2023 is shaping up to be the fastest-growing year ever, as younger drinkers who are increasingly focused on health and wellness — along with the 60% of drinkers who either don't drink alcohol or consume a drink or less per week — drive category growth.
Provider: The Business Journals
Date Published: 2023-07-25T10:07:00.0000000Z

Description: The Bureau of Indian Education recently extended a program that provides more mental health resources for tribal youth, impacting more than 100 Mountain West schools
Provider: Indian Country Today on MSN.com
Date Published: 2023-07-20T22:00:00.0000000Z

"
Any updates on the science and technology world?,science and technology,"Current Date and Time: 2023-07-25 16:33:50.563844

Description: The Department of Science and Technology (DOST) and the Technical Education and Skills Development Authority (TESDA) have partnered to empower learners in marginalized communities in Central Luzon by providing digital science libraries.
Provider: pna
Date Published: 2023-07-25T12:31:00.0000000Z

Description: Biological and biomedical research used to be a field anchored down by the weight of time-consuming manual tasks. Involved and laborious wet-lab processes slowed output to a crawl. <br /><br />But now,
Provider: technologynetworks
Date Published: 2023-07-25T15:10:00.0000000Z

Description: By applying climate-smart agricultural practices, cassava yields can be significantly improved. For example, around 13 per cent of improvement in yields comes from planting clean and healthy rooted cuttings, 17 per cent comes from enhancing soil fertility and 16 per cent comes from controlling insect pests and diseases.
Provider: iaea.org
Date Published: 2023-07-24T14:37:00.0000000Z

Description: While govt officials say bill withdrawn because its clauses have broadly been covered in another Act, Jairam Ramesh says govt wanted to avoid putting in place safeguards sought by panel.
Provider: ThePrint on MSN.com
Date Published: 2023-07-25T13:06:15.0000000Z

Description: Center of Research Excellence in Science and Technology (CREST) program Monday announced a $5 million grant to establish a new research and education hub at Morgan State University. Operating within the School of Computer,
Provider: The Daily Record (Maryland)
Date Published: 2023-07-24T17:26:00.0000000Z

Description: Technological advancements in chipmaking will fuel the next wave of AI and bring the value of the semiconductor industry to over $1 trillion, per Goldman Sachs Research.
Provider: Markets Insider on MSN.com
Date Published: 2023-07-20T12:40:32.0000000Z

Description: Cardiovascular diseases continue to be the leading causes of death worldwide. Metabolic syndrome, a cluster of risk factors including hypertension and obesity, significantly increases the likelihood of cardiovascular diseases.
Provider: Medical Xpress
Date Published: 2023-07-25T15:31:00.0000000Z

Description: A few seats are available at new Santa Fe College Academy of Science and Technology high school that will open this fall on its NW Campus in G'ville.
Provider: YAHOO!News
Date Published: 2023-07-23T18:35:00.0000000Z

Description: Samsung has taken a pre-let the top three floors (34,600 sq ft) of the 93,700 sq ft building. On PC the building was 75 per cent pre let or under offer. One Cambridge Square follows the delivery of the station and Hotel and will be followed by a further phase of 500k sq ft of office and laboratory buildings.
Provider: Business Weekly
Date Published: 2023-07-24T19:37:00.0000000Z

Description: This partnership builds on Professor Médard and Joe Constantine's panel at Mobile World Congress Barcelona, where they discussed the power of network slicing. For more information about MIT's Reliable Communications Group, please visit: www.rle.mit.edu/ncrcg/.
Provider: TMCnet
Date Published: 2023-07-25T16:11:00.0000000Z

"
Tell me the latest environmental news.,environmental,"Current Date and Time: 2023-07-25 16:33:50.571283

Description: State environmental officials say they will discuss proposals for dealing with remaining contamination at the old Buick City site where an industrial park and distribution center are planned during a meeting next week.
Provider: MLive
Date Published: 2023-07-25T14:30:00.0000000Z

Description: All 13 school buildings in East Ramapo received a failing rating in a recent state-mandated survey. The New York Civil Liberties Union is calling for a state takeover.
Provider: The New York Times
Date Published: 2023-07-25T07:01:00.0000000Z

Description: A woman from Arizona died during a sweltering Arizona day after her power was cut off due to a $51 debt. The woman's body was found during a wellness check.
Provider: Fox News
Date Published: 2023-07-24T17:23:00.0000000Z

Description: New York officials have primarily pitched congestion tolls as an easy cash grab for the city's subway system. New Jersey drivers and politicians aren't happy about that.
Provider: YAHOO!News
Date Published: 2023-07-24T20:29:00.0000000Z

Description: More than 50 Democrats in the N.C. General Assembly are urging federal regulators to block a planned natural gas pipeline through the Triad over concerns about its impact on the
Provider: Winston-Salem Journal
Date Published: 2023-07-25T09:29:00.0000000Z

Description: The state is nowhere near meeting its promise. So the Environmental Law & Policy Center sued the U.S. Environmental Protection Agency under the Clean Water Act. They – and the Lucas County Commissioners who joined as plaintiffs – won. A judge ordered a ...
Provider: MSN
Date Published: 2023-07-25T10:33:00.0000000Z

Description: An environmental justice group in Spartanburg has been awarded a $2.81 million grant to help spruce up low-income communities in the U.S.
Provider: Spartanburg Herald-Journal on MSN.com
Date Published: 2023-07-25T15:57:09.0000000Z

Description: All week on PTL, Santa is flying all over Western Pennsylvania for Christmas in July. He's dropping a little cash in the pockets of some groups who are lifting up their communities. Wyano Athletic Association in Westmoreland County is the first recipient of Noble Environmental' s Christmas in July award.
Provider: CBS News
Date Published: 2023-07-24T19:22:00.0000000Z

Description: Students and staff in the East Ramapo Central School District, about 30 miles north of New York City, cannot drink the tap water in any of the public school buildings, according to a new state-mandated survey,
Provider: YAHOO!News
Date Published: 2023-07-25T12:04:00.0000000Z

Description: Wall Street is looking for earnings per share of o$1.73 from sales of $7.9 billion. It reported earnings of $2.48 from sales of $8.8 billion in the year ago quarter.
Provider: Barron's
Date Published: 2023-07-25T01:00:00.0000000Z

"
Any updates on the automotive world?,automotive,"Current Date and Time: 2023-07-25 16:33:50.535725

Description: Chipmaker NXP Semiconductors forecast third-quarter revenue and profit above Wall Street targets on Monday, betting that demand from automakers ramping up production will cushion the hit from a weak consumer electronics market.
Provider: Reuters
Date Published: 2023-07-24T21:08:00.0000000Z

Description: Group 1 Automotive GPI is set to give its latest quarterly earnings report on Wednesday, 2023-07-26. Here's what investors need to know before the announcement. Analysts estimate that Group 1 Automotive will report an earnings per share (EPS) of $11.08.
Provider: Benzinga.com
Date Published: 2023-07-25T16:10:00.0000000Z

Description: The drop-top version of the T-Roc has earned a spot as one of the worst cars of 2020 according to Jeremy Clarkson. The automotive journalist complained about the car's styling and lack of performance. General Motors unveiled the Cadillac XLR for the 2004 ...
Provider: MSN
Date Published: 2023-07-25T13:57:00.0000000Z

Description: Hesai leads the automotive LiDAR market dominating the L4 robotaxi market and impressive design wins for ADAS and L3 autonomy markets with China based automotive OEMs.
Provider: Forbes
Date Published: 2023-07-24T13:51:00.0000000Z

Description: Mullen and the Shoshoni tribe have agreed to a pilot program that will evaluate the Mullen Class 1 cargo vans and campus EVs in several use cases across Harrah's daily operations. The collaboration between Mullen and the Shoshoni tribe represents a step towards a greener future and serves as a model for other organizations and communities to follow.
Provider: Assembly Mag
Date Published: 2023-07-25T15:49:00.0000000Z

Description: Geography Overview By geography, the global automotive e-commerce market is segmented into North America, APAC, Europe, South America, and the Middle East and Africa. The report provides actionable insights and estimates the contribution of all regions to the growth of the global automotive e-commerce market.
Provider: TMCnet
Date Published: 2023-07-25T08:54:00.0000000Z

Description: Southern California-based automotive company Mullen an emerging electric vehicle (“EV”) manufacturer, will hold an event to commemorate the first Class 3 vehicles rolling off the production line, ready for customer deliveries.
Provider: Assembly Mag
Date Published: 2023-07-25T15:28:00.0000000Z

Description: Penske Automotive Group PAG is set to give its latest quarterly earnings report on Wednesday, 2023-07-26. Here's what investors need to know before the announcement. Analysts estimate that Penske Automotive Group will report an earnings per share (EPS) of $4.
Provider: Benzinga.com
Date Published: 2023-07-25T14:02:00.0000000Z

Description: DULUTH, Ga. — DULUTH, Ga. — Asbury Automotive Group Inc. (ABG) on Tuesday reported second-quarter earnings of $196.4 million. On a per-share basis, the Duluth, Georgia-based company said it had profit of $9.34. Earnings, adjusted for non-recurring ...
Provider: The Washington Post
Date Published: 2023-07-25T10:52:00.0000000Z

Description: Ever since its introduction in 2017, Google has been steadily working to improve the Android Automotive experience through partnerships with various companies. Now, in line with these efforts, Deezer,
Provider: Android Headlines on MSN.com
Date Published: 2023-07-24T12:21:23.0000000Z

"
Tell me the latest technology news.,technology,"Current Date and Time: 2023-07-25 16:33:50.699167

Description: FOX Business' Madison Alworth reports on the concerns over the rise of A.I. in police departments on 'Varney & Co.'
Provider: Fox Business
Date Published: 2023-07-25T16:23:00.0000000Z

Description: We are in the midst of a technological revolution, but productivity has not improved.
Provider: BBC on MSN.com
Date Published: 2023-07-23T23:05:23.0000000Z

Description: A suspect who admitted he grazed a Washington Technology Magnet School staff member with a bullet earlier this year was charged Monday with six felony counts in connection with that shooting and another shooting a week later.
Provider: YAHOO!News
Date Published: 2023-07-25T00:48:00.0000000Z

Description: With the technology almost deployment-ready, autonomous trucking developers have turned their attention to commercialization.
Provider: VentureBeat
Date Published: 2023-07-24T20:20:00.0000000Z

Description: From a mobile app for cow management to an ""Uber for tractors,"" this is a glimpse into the future of agritech.
Provider: CNN
Date Published: 2023-07-24T14:37:00.0000000Z

Description: Bill Gates and his 10-year-old energy company TerraPower are planning their first cutting-edge nuclear power plant in Kemmerer. ""I'm curious why you chose Wyoming because Wyoming is in fact the largest coal-producing state. So you kind of walked into the lion's den on this one,"" correspondent Barry Petersen said.
Provider: CBS News
Date Published: 2023-07-23T13:36:00.0000000Z

Description: The technology company, which acquired Whole Foods in 2017, is rolling out its Amazon One palm recognition feature at all grocery locations in the United States by the end of 2023, according to a June news release. Palm-scanning is currently available at 200 Whole Foods locations — including some in Sacramento.
Provider: YAHOO!News
Date Published: 2023-07-24T19:25:00.0000000Z

Description: BEIJING (AP) — China’s government appealed to Japan on Monday not to disrupt the semiconductor industry after curbs on exports of Japanese chip-making technology took effect, adding to technology restrictions Washington and its allies have imposed on China on security grounds.
Provider: SFGate
Date Published: 2023-07-24T16:52:00.0000000Z

Description: While AI isn't quite ready for prime time, the technology has the potential to make Hollywood VFX artists more creative. It could also come for jobs.
Provider: Business Insider on MSN.com
Date Published: 2023-07-24T09:30:01.0000000Z

Description: The technology enables clinicians to accurately aim the radiation beams at the prostate, while avoiding bladder, urethra and rectal tissue. This, in turn, reduces short-term side effects for patients, according to researchers who analyzed 29 published studies. They reported their findings online July 24 in the journal Cancer.
Provider: U.S. News & World Report
Date Published: 2023-07-25T11:49:00.0000000Z

"
Any updates on the entertainment world?,entertainment,"Current Date and Time: 2023-07-25 16:33:50.639959

Description: Within the last quarter, Live Nation Entertainment (NYSE:LYV) has observed the following analyst ratings: According to 12 analyst offering 12-month price targets in the last 3 months, Live Nation Entertainment has an average price target of $102.42 with a high of $110.00 and a low of $89.00.
Provider: Business Insider
Date Published: 2023-07-25T16:12:00.0000000Z

Description: Japanese police said they have arrested a woman and her parents in a bizarre beheading case in a popular night entertainment distrit in Japan’s northern city of Sapporo, where a headless man was found in a hotel room three weeks ago.
Provider: Associated Press
Date Published: 2023-07-25T11:42:00.0000000Z

Description: AMC Entertainment set a new post-Covid record for global admissions revenue this past weekend with Barbie and Oppenheimer leading a charge that drew 7.8 million moviegoers to theaters. Warner
Provider: Deadline.com on MSN.com
Date Published: 2023-07-24T21:27:00.0000000Z

Description: Becton Dickinson — The medical technology company saw shares jump more than 6% after Raymond James upgraded Becton Dickinson to outperform. The company received clearance from the U.S. Food and Drug Administration for its updated BD Alaris infusion system, which helps monitor patients’ vital signs and deliver medications, blood and other fluids.
Provider: CNBC
Date Published: 2023-07-24T18:18:00.0000000Z

Description: If you go to Twitter right now,  you’ll see the little blue bird has been replaced with a stylized X, which marks the end of an era in my book. But there’s more: Tweets are no longer to be referred to as ‘tweets’,
Provider: IGN
Date Published: 2023-07-24T21:34:00.0000000Z

Description: Multiple insiders secured a larger position in The Star Entertainment Group Limited ( ASX:SGR ) shares over the last
Provider: YAHOO!News
Date Published: 2023-07-24T03:33:00.0000000Z

Description: In this piece, I evaluated two live entertainment stocks, Live Nation Entertainment (NYSE:LYV) and Eventbrite (NYSE:EB), using TipRanks’
Provider: TipRanks on MSN.com
Date Published: 2023-07-24T19:22:32.0000000Z

Description: In 2019 – the 50th anniversary of the murders – O’Neill published “Chaos: Charles Manson, the CIA and the Secret History of the Sixties,” an enthralling read that seeks to poke holes in the official narrative of the murders as outlined in the book “Helter Skelter: The True Story of the Manson Murders.”
Provider: The Denver Post
Date Published: 2023-07-24T12:00:00.0000000Z

Description: The City of Mansfield plans to weigh incentives for a company looking to bring a new entertainment venue to the North Texas community. High Five Entertainment has proposed a 45,000 square feet venue that would include bowling, laser tag, arcades, bars, restaurants and other family entertainment across a two-story campus.
Provider: The Business Journals
Date Published: 2023-07-24T19:12:00.0000000Z

Description: Some of the biggest streamers let you watch remotely with friends and family, and there’s a workaround for the others
Provider: Yahoo
Date Published: 2023-07-25T07:30:00.0000000Z

"
Tell me the latest finance and economy news.,finance and economy,"Current Date and Time: 2023-07-25 16:33:50.706331

Description: The global economy is showing more resilience than economists previously thought — but, although some risks have abated, choppy waters could still be ahead, the International Monetary Fund said Tuesday.
Provider: CNN
Date Published: 2023-07-25T12:59:00.0000000Z

Description: A global conflict drives home the importance of good data — and the need for better tools to prepare that data.
Provider: Newsweek
Date Published: 2023-07-25T13:30:00.0000000Z

Description: The world economy is showing signs of resilience this year despite lingering inflation and a sluggish recovery in China, the International Monetary Fund said on Tuesday, raising the odds that a global recession could be avoided barring unexpected crises.
Provider: The New York Times
Date Published: 2023-07-25T14:20:00.0000000Z

Description: The International Monetary Fund on Tuesday raised its 2023 global growth estimates slightly given resilient economic activity in the first quarter, but warned that persistent challenges were dampening the medium-term outlook.
Provider: Reuters
Date Published: 2023-07-25T12:03:00.0000000Z

Description: The International Monetary Fund has raised its global economic growth forecast for 2023 to 3 percent from 2.8 percent, the organization announced Tuesday. That’s a slight decrease from 2022’s 3.4
Provider: The Hill
Date Published: 2023-07-25T15:44:00.0000000Z

Description: The International Monetary Fund projects global growth will increase by 3% this year, slightly higher than a prior estimate.
Provider: AOL
Date Published: 2023-07-25T16:00:00.0000000Z

Description: Principal Financial Group said that the extent of the Federal Reserve’s interest rate tightening stance will more than likely push the U.S. economy into a recession in Q4 of 2023. However, PFB added that the recession will more than likely be short and shallow.
Provider: Seeking Alpha on MSN.com
Date Published: 2023-07-24T15:21:37.0000000Z

Description: With the Federal Reserve steaming toward another interest rate hike this week, policymakers face a choice over how much weight to put on recent economic data that has made hoped-for outcomes on inflation and unemployment seem more likely while also posing a risk the economy is too strong to keep prices in line.
Provider: Nasdaq
Date Published: 2023-07-25T10:00:00.0000000Z

Description: Economics teaches you how to make decisions based on analysis, rather than emotions or instincts. It gives you the tools to analyze data, assess risks, and make informed choices. These skills can be applied to any area of life, from personal finance to ...
Provider: MSN
Date Published: 2023-07-25T12:48:00.0000000Z

Description: Israeli Prime Minister Benjamin Netanyahu said Israel's economy was strong and will continue to grow, ahead of a report expected by credit agency Moody's on Tuesday following contested judicial legislation by his coalition government.
Provider: YAHOO!Finance
Date Published: 2023-07-25T15:03:00.0000000Z

"
Any updates on the medical world?,medical,"Current Date and Time: 2023-07-25 16:33:52.545469

Description: ESPN broadcaster Shaka Hislop addressed his scary collapse in a video Monday. He suffered the incident while he was in the pre-match broadcast of Real Madrid and AC Milan.
Provider: Fox News
Date Published: 2023-07-25T12:48:00.0000000Z

Description: Lily Ledbetter, 22, died suddenly last month in the U.S. Virgin Islands and an autopsy did not reveal a cause of death, the medical examiner told Fox News Digital.
Provider: Fox News
Date Published: 2023-07-24T21:59:00.0000000Z

Description: CNN spoke with medical professionals who responded to a request for stories about how people’s lives have changed since Roe v. Wade was overturned by the Supreme Court.
Provider: CNN
Date Published: 2023-07-23T12:59:00.0000000Z

Description: A strike could disrupt critical deliveries including medical supplies, and some in the medical field are preparing. “They bring in everything from bandages to surgical equipment,” Dr. Rajiv Bahl said. However, the clock is ticking.
Provider: YAHOO!News
Date Published: 2023-07-25T02:45:00.0000000Z

Description: WILKINS TOWNSHIP, Pa. (KDKA) — Officials resumed a man from a swimming pool in Wilkins Township on Monday. Paramedics were called to the Comfort Inn on Rodi Road around 2 p.m. Officials said an adult seemed to have suffered some sort of medical emergency in the water. He survived and was taken to a local hospital for treatment.
Provider: CBS News
Date Published: 2023-07-24T22:03:00.0000000Z

Description: Florida voters in 2016 approved a constitutional amendment that broadly allowed medical marijuana. Gwinn and McGriff are entering the market as a political committee known as Smart & Safe Florida tries to put a proposed constitutional amendment on the 2024 ballot that would authorize recreational use of marijuana by people age 21 or older.
Provider: Miami Herald on MSN.com
Date Published: 2023-07-25T14:03:00.0000000Z

Description: The 54-year-old soccer analyst and former goalkeeper had fallen to the turf at the Rose Bowl during an on-camera discussion of an upcoming match.
Provider: The Washington Post on MSN.com
Date Published: 2023-07-25T03:14:01.0000000Z

Description: DeepScribe relies on a team of people to review tech-generated reports, listen to medical conversations and revise the records.
Provider: Wall Street Journal
Date Published: 2023-07-23T10:00:00.0000000Z

Description: Attorney General Rokita joins AGs in 18 states in protesting feds' proposed rule change, which would protect patients' abortion care records.
Provider: YAHOO!News
Date Published: 2023-07-24T17:28:00.0000000Z

Description: Soccer analyst and former Premier League goaltender Shaka Hislop says he is seeking “the best medical opinion” he can get, one day after collapsing on the set of ESPN’s pregame show ahead of an exhibition between Real Madrid and AC Milan at the Rose Bowl.
Provider: Associated Press
Date Published: 2023-07-25T01:53:00.0000000Z

"
Tell me the latest fashion and beauty news.,fashion and beauty,"Current Date and Time: 2023-07-25 16:33:52.889358

Description: For those who consider themselves fans of fashion and beauty, the best podcasts have found their legitimacy through their intimate knowledge of the industry while providing perspective and ...
Provider: W magazine
Date Published: 2023-07-17T16:56:00.0000000Z

Description: Carrie Bradshaw and her friends inspired fashion trends, beauty trends, and even a few food and beverage trends. Thanks to these characters, cupcakes, cosmopolitan cocktails, and Tasti D-Lite frozen yogurt surged in popularity. Without a doubt ...
Provider: MSN
Date Published: 2023-07-24T16:28:00.0000000Z

Description: Whether you’re planning ahead for fall or are still basking in the revelry that is summertime, Nordstrom’s Anniversary Sale is giving you options. Shop cute tennis skirts and designer sunglasses, as well as quilted coats and faux leather leggings—either way, you can’t go wrong.
Provider: Yahoo
Date Published: 2023-07-13T07:00:00.0000000Z

Description: Peruse all the deals on makeup, sunglasses and nail polish loved by Kate Middleton, Meghan Markle and Queen Elizabeth.
Provider: Page Six
Date Published: 2023-07-11T17:44:00.0000000Z

Description: Hair and makeup artists in Hollywood have been affected by the WGA and SAG-AFTRA strikes. Here’s how you can help.
Provider: PopSugar
Date Published: 2023-07-25T05:40:00.0000000Z

Description: Eva Longoria hasn't escaped Barbiecore, which is at its peak following the world premiere of Greta Gerwig's film. The actor and director wore a hot pink midi dress to the opening of a store in Marbella, Spain.
Provider: Vogue
Date Published: 2023-07-25T16:02:00.0000000Z

Description: Happy Holidays to Us! This sale may be on the horizon, but we’re shopping our favorite fashion and beauty deals at Amazon! As they say, the early bird gets the worm. From must-have makeup to ...
Provider: AOL
Date Published: 2023-07-11T19:31:00.0000000Z

Description: Perfect pants for warm weather, opt for wider leg iterations as these will help to keep your look easy-breezy when it comes to summer outfit ideas. Opt for natural fabrics such as cotton, silk-blends or linens for added breathability that will be much need when the temperatures rise.
Provider: Woman & Home
Date Published: 2023-07-22T09:42:00.0000000Z

Description: Officials said the law firm represents a number of fashion, apparel and beauty sector clients on various legal matters, with a special interest in supporting startups as well as minority- and women-owned businesses.
Provider: The Business Journals
Date Published: 2023-07-19T19:30:00.0000000Z

Description: Officials said the law firm represents a number of fashion, apparel and beauty sector clients on various legal matters, with a special interest in supporting startups as well as minority- and women-owned businesses.
Provider: The Business Journals
Date Published: 2023-07-20T12:16:00.0000000Z

"
Any updates on the gaming world?,gaming,"Current Date and Time: 2023-07-25 16:33:52.868776

Description: Custodial crypto investment app Solvo announced that it is pivoting to Qubit, a new venture aimed at making Web3 more accessible to gamers.
Provider: VentureBeat
Date Published: 2023-07-25T12:59:00.0000000Z

Description: We’ve all heard the stereotypes, and the Entertainment Software Association’s CEO, Stanley Pierre-Louis, is trying to discredit them as ancient myths. I talked to him about that and the lobbying group’s latest report on the diversity of games and gamers at the Games for Change 2023 event last week in New York.
Provider: VentureBeat
Date Published: 2023-07-24T20:29:00.0000000Z

Description: Here are all the new games you can check out this week, along with new additions to Game Pass and Prime Gaming, There's a free Steam game available too.
Provider: Forbes
Date Published: 2023-07-25T12:00:00.0000000Z

Description: Can you turn your home into an art gallery with this collection of Street Fighter prints? Sure you can! Over the years, Street Fighter has evolved to become one of the most visually distinct fighting games on the market,
Provider: GameSpot
Date Published: 2023-07-25T15:52:00.0000000Z

Description: PC gaming can be a lot of fun, but it can also be pretty expensive. And we don’t mean the games themselves – any gamer worth their salt knows you can just wait for a Steam sale, or grab a slew of great titles on Humble Bundle.
Provider: Engadget on MSN.com
Date Published: 2023-07-24T13:00:40.0000000Z

Description: PC gamers, unite! If you’re looking to purchase a brand new gaming monitor, you’re in luck. Best Buy’s currently selling the LG UltraGear Nano gaming monitor for $299.99, which is a savings of $150. This peripheral has a fast refresh rate of 165Hz,
Provider: PC World
Date Published: 2023-07-25T14:10:00.0000000Z

Description: One of the best open-source gaming launchers, Heroic Games Launcher, has been updated to support macOS Sonoma and its Game Porting Toolkit.
Provider: iMore
Date Published: 2023-07-25T16:09:00.0000000Z

Description: Say hello to the perfect gaming laptop deal, reader, and meet the Lenovo IdeaPad Gaming 3. Here’s a deal that’s perfect for light gaming. Whether you’re looking for the best laptop for Sims 4, or something with a good price-to-performance ratio, the Lenovo IdeaPad Gaming 3 is a good choice.
Provider: VideoGamer
Date Published: 2023-07-25T15:34:00.0000000Z

Description: AMD is reportedly preparing to bring its 3D V-Cache technology to its Zen 4 mobile CPUs, and it's about damn time! V-Cache equipped chips have been available for a long time in desktop and server form, but until now, we haven't seen the tech make it into an AMD mobile chip.
Provider: PC Gamer
Date Published: 2023-07-25T01:43:00.0000000Z

Description: Save money now on this CLX Set Gaming Desktop with RTX 3060 Ti. Paired with Intel Core i9 10900KF and 32GB of DDR4, this is not one to miss.
Provider: VideoGamer
Date Published: 2023-07-25T09:36:00.0000000Z

"
Tell me the latest travel and leisure news.,travel and leisure,"Current Date and Time: 2023-07-25 16:33:52.914215

Description: California’s Mammoth Mountain will stay open until August for only the third time in the ski resort’s 69 year history.
Provider: Travel + Leisure
Date Published: 2023-07-25T15:33:00.0000000Z

Description: What’s great about travel is that it allows you to have experiences and make memories with those you love, “both of which are important to the bonding and sustaining of relationships,” Saltz told T+L. Saltz added that “strong, trusted, long-lasting relationships are important for general happiness, well-being, and mental health.”
Provider: Travel + Leisure
Date Published: 2023-07-25T11:52:00.0000000Z

Description: The Yqxcc Cooling Towels are being dubbed as ""lifesavers'' for beating the summer heat whether you’re indoors or outdoors — and they're on sale. Grab a set of the top-rated microfiber towels for $13 at Amazon.
Provider: Travel + Leisure
Date Published: 2023-07-25T09:00:00.0000000Z

Description: Begin the day with coffee and picturesque views at Gradska Kavana in the heart of the Old Town. Their raised terrace overlooks Stradum — the main pedestrian walkway connecting the two entrances of the city — and is ideal for people-watching.
Provider: Travel + Leisure
Date Published: 2023-07-24T23:35:00.0000000Z

Description: Adam Erace is an award-winning food and travel writer, restaurant critic, and cookbook author. He lives in Philadelphia with his wife and three maniacal rescue dogs. His favorite country is Mexico and his favorite airline is whichever offers an upgrade.
Provider: Travel + Leisure
Date Published: 2023-07-25T14:04:00.0000000Z

Description: The Btfbm Bodycon Dress is a travel editor-favorite for its comfy and flattering fit, and it's on sale. Get the best-selling travel dress for up to 36 percent off at Amazon before this deal goes away.
Provider: Travel + Leisure
Date Published: 2023-07-25T05:59:00.0000000Z

Description: Orlando International airport will soon have the highest rideshare fee in the country.
Provider: Travel + Leisure
Date Published: 2023-07-24T17:59:00.0000000Z

Description: We independently evaluate all recommended products and services. If you click on links we provide, we may receive compensation. Learn more. The summertime provides ample opportunity to get outdoors and enjoy your favorite activities, and whether you’re ...
Provider: Travel + Leisure
Date Published: 2023-07-25T11:02:00.0000000Z

Description: Allegiant Airlines and Frontier Airlines will be scaling back select flights during the week.
Provider: Travel + Leisure
Date Published: 2023-07-24T19:33:00.0000000Z

Description: The Dagne Dover Indi Backpack is a roomy travel bag with a sleek design and intuitive touches that are perfect for jetsetters, not just parents. Find out why this diaper backpack has become one travel writer’s go-to backpack all over the world.
Provider: Travel + Leisure
Date Published: 2023-07-24T11:01:00.0000000Z

"
Any updates on the food and restaurant world?,food and restaurant,"Current Date and Time: 2023-07-25 16:33:53.382675

Description: After launching in Cupertino and drawing lines of customers there, South Bay entrepreneurs Vinh Ha and Yi Ru Chen and general manager John Tang moved that operation in 2022 to new, larger digs on San Jose’s Capitol Expressway. Later in the year they opened in downtown San Jose on South First Street.
Provider: Mercury News
Date Published: 2023-07-25T03:39:00.0000000Z

Description: Casa del Rey served patrons on the same property from the 1970s to 1990s. The new eatery coming to the site will cook the same types of food.
Provider: MLive
Date Published: 2023-07-25T15:41:00.0000000Z

Description: San Miguel Market and Deli, 2060 9th St., Suite D, Los Osos
Provider: SanLuisObispo
Date Published: 2023-07-25T15:00:00.0000000Z

Description: Four Central Florida restaurants shut down the week of July 16-22, according to data from the Florida Department of Business and Professional Regulation.
Provider: Orlando Sentinel
Date Published: 2023-07-24T16:47:00.0000000Z

Description: Producers of Michigan's biggest Labor Day weekend festival unveiled a lineup of 200-plus music acts, dozens of food vendors and family entertainment.
Provider: Detroit Free Press
Date Published: 2023-07-25T15:53:00.0000000Z

Description: A writer invited longtime neighbors to taste new restaurants Dunsmoor and Bub and Grandma's. But first let's talk about parking.
Provider: LA Times on MSN.com
Date Published: 2023-07-23T10:00:55.0000000Z

Description: Kwame Onwuachi, the Top Chef star who opened Tatiana at Lincoln Center earlier this year, is headed to the U.S. Open. The celebrity chef, whose restaurant was recently named the best in New York City by the New York Times,
Provider: Eater on MSN.com
Date Published: 2023-07-25T14:34:15.0000000Z

Description: Tokyo and Kyoto might get all the buzz, but Osaka's food scene is top notch. Andrea Fazzari From left: The Dotonbori district of Osaka; preparing nigiri at Yamatoya. Through an unblinking black eyeball,
Provider: Yahoo
Date Published: 2023-07-25T14:00:00.0000000Z

Description: Quick Service Restaurants (QSRs) are all around us. Toasttab reports that 37% of US Adults consume fast food everyday. In 2022 the market size grew to over 362 billion according to IBIS world. QSRs, like Chipotle, are seeing digital sales increase by over ...
Provider: Forbes
Date Published: 2023-07-25T11:34:00.0000000Z

Description: Beer lovers can catch first-round World Cup action with $5 beer specials at ChurchKey. All lagers on draft and all cask ales are available for $5 per glass for matches, including USA vs. Netherlands and Argentina vs. South Africa.
Provider: Eater
Date Published: 2023-07-25T11:14:00.0000000Z

"
Tell me the latest education and learning news.,education and learning,"Current Date and Time: 2023-07-25 16:33:53.423116

Description: For the nation’s schoolchildren, the data on pandemic learning loss is relentlessly bleak, with education researchers and economists warning that, unless dramatic action is taken, students will suffer a lifelong drop in income as a result of lagging achievement.
Provider: New Orleans City Business
Date Published: 2023-07-25T14:35:00.0000000Z

Description: Test scores are plummeting while tens of billions in federal aid flows to schools. A visit to a recent education technology convention in Philadelphia provides a glimpse of the frenzy to profit from the recovery efforts.
Provider: Technical
Date Published: 2023-07-25T15:11:00.0000000Z

Description: With Marc Ramos, we explore the future of corporate learning and its pivotal role in employee development and organizational success.
Provider: marketscale
Date Published: 2023-07-24T21:48:00.0000000Z

Description: HeyTutor cited Institute of Education Sciences survey data to examine the problems public schools face in hiring tutors and hosting tutoring programs.
Provider: Albuquerque Journal
Date Published: 2023-07-25T15:30:00.0000000Z

Description: In the event their new Highland Springs school fails to pass final inspection, Aiken County Public School District officials are planning to use five e-learning days allotted by state law to start the year on time.
Provider: Government Technology
Date Published: 2023-07-25T16:02:00.0000000Z

Description: In an era marked by an unprecedented digital evolution, schools and learners are necessitated to adopt new tech tools and platforms swiftly. Nodma emerges as a leader in this terrain, recognizing the need for a blend of sound pedagogy and technology to deliver significant learning outcomes.
Provider: Business Insider
Date Published: 2023-07-25T12:47:00.0000000Z

Description: Open Access Government charts the priorities of the European Commission when it comes to learning mobility, including Erasmus+, plus stronger education cooperation with Ukraine
Provider: openaccessgovernment
Date Published: 2023-07-21T10:36:00.0000000Z

Description: StraighterLine works with institutions and corporate partners to provide their students and employees with flexible education options that allow them to work and learn at their own pace. Visit www.straighterline.com for more information. View original ...
Provider: Benzinga.com
Date Published: 2023-07-25T13:41:00.0000000Z

Description: Governor Dan McKee and Rhode Island Department of Education Commissioner Angélica Infante-Green will tour a summer learning program in Providence on Tuesday. McKee and Infante-Green will tour DelSesto Middle School along with Providence Public School ...
Provider: MSN
Date Published: 2023-07-25T11:12:00.0000000Z

Description: The Barrington School District 220 Board of Education approved a comprehensive plan at its meeting earlier this months that leaders say will guide the district in its plans to have more inclusivity, community engagement, address overall health and more.
Provider: Chicago Tribune
Date Published: 2023-07-24T15:00:00.0000000Z

"
Any updates on the music world?,music,"Current Date and Time: 2023-07-25 16:33:53.895089

Description: The song came under widespread scrutiny earlier this month​ after Aldean released the music video, which depicts protesters confronting police officers and was pulled from CMT two days after it first aired.
Provider: CBS News
Date Published: 2023-07-25T15:45:00.0000000Z

Description: Continue scrolling to see Uproxx’s Best New Pop roundup — and check back each Tuesday for more. Every two weeks, Uproxx’s Pop Life newsletter goes out as well and is definitely worth a read, as we spotlight specific artists and unique moments in Pop’s past.
Provider: Uproxx
Date Published: 2023-07-25T15:01:00.0000000Z

Description: The Black Eyed Peas member said Spears shared some ’freaking crazy’ ideas when they worked on new single ’Mind Your Business.’
Provider: Uproxx
Date Published: 2023-07-25T15:09:00.0000000Z

Description: Apple Music is launching the new series Lost & Found to spotlight country songwriters and a handful of never-before-released songs. The series features six demos (the “Lost” part) in addition to versions of these songs recorded by established and rising country artists (the “Found” part).
Provider: Billboard
Date Published: 2023-07-25T14:03:00.0000000Z

Description: Read the latest Fox News Opinion columns and watch videos from Jesse Watters, Sean Hannity, Greg Gutfeld, Laura Ingraham and more.
Provider: Fox News
Date Published: 2023-07-25T15:36:00.0000000Z

Description: Beatport on Tuesday (July 25) announced its second annual Diversity + Parity Fund, with which the company will award $150,000 to initiatives that expand diversity and equality in dance music.
Provider: Billboard
Date Published: 2023-07-25T14:44:00.0000000Z

Description: The K-pop stars released the EP Golden Hourglass and a music video for the song ""Summer Comes"" on Monday. The ""Summer Comes"" video shows the members of Oh My Girl visit a beachside town, where they run into zombies, ghosts and a clown.
Provider: UPI
Date Published: 2023-07-24T19:36:00.0000000Z

Description: “Try That in a Small Town,” which was released in May, debuted at No. 2 on the Billboard Hot 100 this week just behind BTS’s Jung Kook solo single “Seven,” featuring Latto. The track experienced the biggest sales week for a country song in over 10 years.
Provider: SFGate
Date Published: 2023-07-25T04:17:00.0000000Z

Description: Walker Hayes opened up about his journey from being an ""alcoholic atheist"" to embracing his faith and sobriety. The country star says he found God through a special friendship.
Provider: Fox News
Date Published: 2023-07-25T13:02:00.0000000Z

Description: Bentley’s, set up in what was then the National Front stronghold of Canning Town, all too briefly became a legendary weekend mecca for soul, hip-hop and reggae
Provider: The Guardian
Date Published: 2023-07-25T06:23:00.0000000Z

"
Tell me the latest technology and gadgets news.,technology and gadgets,"Current Date and Time: 2023-07-25 16:33:53.897531

Description: One of the biggest frustrations for people with a lot of tech gadgets is finding the chargers that go with them. The cables and bricks all look alike but they only fit the one they came with.
Provider: Wichita-Hutchinson Plus KWCH-DT on MSN.com
Date Published: 2023-07-25T00:06:56.0000000Z

Description: Technology can be expensive, but the right purchases can save you time, money, and headaches. From smart home devices to practical gadgets that make everyday tasks easier, plenty of tech products are worth the investment.
Provider: Yahoo
Date Published: 2023-07-14T00:11:00.0000000Z

Description: Introduction In the dynamic world of technology, it’s crucial to recognize and address the unique needs and interests of different demographics. Chip Chick is a leading platform dedicated to providing women with a space to explore and engage with the latest advancements in technology and gadgets.
Provider: Impacts
Date Published: 2023-07-13T18:01:00.0000000Z

Description: The '80s had some tech innovation, but it saw its fair share of flops. Here are 10 of the most notable failed tech gadgets from the '80s.
Provider: Techaeris
Date Published: 2023-07-20T16:59:00.0000000Z

Description: Discover new trails, download maps to access offline and don’t forget a battery pack.
Provider: Wall Street Journal
Date Published: 2023-07-23T03:02:00.0000000Z

Description: ""Is this technically a tech thing? Maybe not, but it’s a gadget and that might be as close as I get. I believe you know by now that at T&C, we believe in the rule of CARRY-ON only
Provider: Town & Country
Date Published: 2023-07-14T14:12:00.0000000Z

Description: And what better way to do just that than with cutting-edge garden gadgets and innovative outdoor tech? From smart outdoor speakers to robot lawnmowers, we’ve tested the top outdoor gadgets to ...
Provider: The Mirror
Date Published: 2023-07-16T14:23:00.0000000Z

Description: Croma’s monsoon fest called Good Life Fest is giving incredible discounts on a whole range of products, including home appliances, personal electronics, and more.
Provider: Digit
Date Published: 2023-07-25T06:15:00.0000000Z

Description: And what better way to do just that than with cutting-edge garden gadgets and innovative outdoor tech? From smart outdoor speakers to robot lawnmowers, we’ve tested the top outdoor gadgets to ...
Provider: The Mirror
Date Published: 2023-07-16T14:23:00.0000000Z

"
Any updates on the celebrity world?,celebrity,"Current Date and Time: 2023-07-25 16:33:53.906705

Description: It’s almost August and the summer is heating up for some of the hottest celebrities around. From Reese Witherspoon to Lainey Wilson, see what some of your favorite celebs are up to.
Provider: Hollywood Life
Date Published: 2023-07-24T21:23:00.0000000Z

Description: Miranda Lambert, founder of the MuttNation Foundation, will help judges from PEOPLE and the PEDIGREE brand pick the winner of the World's Cutest Rescue Dog Contest
Provider: People
Date Published: 2023-07-25T16:00:00.0000000Z

Description: It’s the start of the Celebrity MasterChef Heats, and this week the first five celebrities up for the culinary challenge are broadcaster and reality star Dani Dyer, actor James Buckley, comedian and actor Marcus Brigstocke, TV personality Mica Ven and TV and Radio personality Richie Anderson.
Provider: BBC
Date Published: 2023-07-25T03:54:00.0000000Z

Description: Celebrity birthdays for the week of July 30-Aug. 5:
Provider: SFGate
Date Published: 2023-07-24T20:21:00.0000000Z

Description: Celebrity apologies are a common occurrence in the entertainment industry. While some apologies come across as sincere and genuine, others seem to fall flat and come off as insincere. Let’s look at some of the worst celebrity apologies that left a sour ...
Provider: MSN
Date Published: 2023-07-25T11:32:00.0000000Z

Description: ""We're in 2023 and we're still fighting this narrative that people have given us of this 'one thing' is what's beautiful,"" says Bidot. A new survey that 46% of parents worry about aggression in their kids. Flattering and comfortable, here's the top you'll live in all summer long.
Provider: Yahoo
Date Published: 2023-07-25T15:23:00.0000000Z

Description: Renowned celebrity stylist Michael Mosley aka King Cartier, curated some stylish, haute couture ahead of Wednesday featuring products from Glamaholic by Detroit native Mia Ray.
Provider: CBS News
Date Published: 2023-07-25T16:12:00.0000000Z

Description: Emily Blunt and Matt Damon told Fox News Digital what it's like living in the same building, and they're not the only Hollywood stars to call one another celebrity neighbors.
Provider: Fox News
Date Published: 2023-07-23T13:00:00.0000000Z

Description: Celebrity Cruises has unveiled details of the culinary and beverage offering onboard its upcoming ship, the Celebrity Ascent. The Celebrity Ascent will feature redesigned restaurants, a new dinner experience,
Provider: Cruise Industry News
Date Published: 2023-07-25T13:49:00.0000000Z

Description: With wedding season in full swing, we asked celebrity event planning experts to share their advice for how to dress your best
Provider: People
Date Published: 2023-07-23T09:55:00.0000000Z

"
Tell me the latest arts and culture news.,arts and culture,"Current Date and Time: 2023-07-25 16:33:54.424051

Description: As the hip-hop world has expanded, some white artists said they have worked to make a name for themselves while honoring the genre's Black roots.
Provider: ABC
Date Published: 2023-07-22T18:59:00.0000000Z

Description: Baker Hunt Art and Cultural Center is seeking two dimensional artwork submissions from local artists to showcase their work at the new DBL Law office. If accepted, art will be on display from August 25 through February 23 at the DBL law offices located in the historic Monarch Building on Fourth Street in Covington.
Provider: NKyTribune
Date Published: 2023-07-25T04:43:00.0000000Z

Description: In the wake of the police murder of George Floyd in May 2020, Butchy Austin was looking for a way to grieve and connect to his south Minneapolis community. He dusted off his trumpet and walked ...
Provider: MPR News
Date Published: 2023-07-23T23:31:00.0000000Z

Description: GOOD MORNING, PORTLAND! Two wonderful things happened last weekend: The Barbie movie was released in theaters, breaking box office records, and Taylor Swift graced the Pacific Northwest. If you didn’t snag tix to T Swift,
Provider: The Portland Mercury
Date Published: 2023-07-25T14:49:00.0000000Z

Description: Funding for the grants would come from Brevard County's 5% tourist development tax on hotel rooms and other short-term rentals.
Provider: Florida Today on MSN.com
Date Published: 2023-07-25T09:11:00.0000000Z

Description: Art Overdose is a black-owned arts festival showcasing music, art and other vendors. The event will be help Sunday, July 23 filled with performances, food and more.
Provider: KIAH Houston on MSN.com
Date Published: 2023-07-21T15:23:05.0000000Z

Description: From photography to painting, music to culinary, Carson Valley is full of the arts and artists drawing inspiration from the place we call home. With spectacularly rugged peaks, authentic Western roots that run far
Provider: Tahoe Daily Tribune.com
Date Published: 2023-07-25T15:21:00.0000000Z

Description: At a meeting of the Regional Arts and Culture Council this afternoon, City Commissioner Dan Ryan delivered unwelcome news: The city will allow the contract through which it funds the independent arts body, which primarily doles out grants to local groups that provide arts education, events and advocacy, to expire at the end of this fiscal year.
Provider: Willamette Week
Date Published: 2023-07-21T21:32:00.0000000Z

Description: The IndoFringe Festival is a forum for cultural exchange and local wisdom. This festival is expected to have a multiplier effect for the creative economy sector.
Provider: Kompas.id
Date Published: 2023-07-25T11:42:00.0000000Z

Description: With its lush beauty, unique culture, and old-world charm ... a cinema, and a state of the art fitness center called Padel Club to help guests focus on a wellness experience should they desire. As the property prides itself on privacy and only has 20 ...
Provider: Forbes
Date Published: 2023-07-25T16:29:00.0000000Z

"
Any updates on the education and technology world?,education and technology,"Current Date and Time: 2023-07-25 16:33:54.440773

Description: For the nation’s schoolchildren, the data on pandemic learning loss is relentlessly bleak, with education researchers and economists warning that, unless dramatic action is taken, students will suffer a lifelong drop in income as a result of lagging achievement.
Provider: New Orleans City Business
Date Published: 2023-07-25T14:35:00.0000000Z

Description: Tech Tactics in Education conference has announced an all-star line-up of keynote speakers slated to share their insights on some of the biggest technology issues in K-12 and higher education. In three thought-provoking presentations,
Provider: Campus Technology
Date Published: 2023-07-24T10:52:00.0000000Z

Description: Education is a powerful tool that can transform lives and create opportunities for individuals to reach their full potential. However, not all students have equal access to educational resources and opportunities.
Provider: Impacts
Date Published: 2023-07-23T08:26:00.0000000Z

Description: CLAYTON — The education technology firm Nerdy has once again reduced its workforce, this time because of automation. A company spokesperson said in a prepared statement that Clayton-based Nerdy, which has its flagship business Varsity Tutors, recently cut an undisclosed number of positions. Employees were notified last week.
Provider: St. Louis Post-Dispatch
Date Published: 2023-07-21T17:16:00.0000000Z

Description: The introduction of MAYA, the AI Clone & Avatar of Dr. Manjula Pooja Shroff, highlights The Kalorex Group's dedication to AI and harnessing technology for educational advancement. ~ MUMBAI, India, July 25,
Provider: TMCnet
Date Published: 2023-07-25T13:12:00.0000000Z

Description: This was said on Saturday by the Deputy Minister of Education, Science and Technology Omar Kipanga, when closing the 18th Exhibition of Higher Education, Science and Technology in Dar es Salaam. The exhibition was coordinated by the Tanzania Universities ...
Provider: MSN
Date Published: 2023-07-24T09:09:00.0000000Z

Description: A new intellectual property and technology transfer director has been named at RIT. Wayne Plourde was appointed to manage entrepreneurial portfolio.
Provider: Rochester Institute of Technology
Date Published: 2023-07-24T14:09:00.0000000Z

Description: The collaboration represents a powerful alliance between education and industry and stresses the importance of fostering STEAM skills from an early age.
Provider: Sarasota Herald-Tribune on MSN.com
Date Published: 2023-07-24T09:45:07.0000000Z

Description: PowerSchool (NYSE: PWSC), the leading provider of cloud-based software for K-12 education in North America, today announced a partnership with Samart
Provider: Business Wire
Date Published: 2023-07-20T16:00:00.0000000Z

Description: For the first time, the Kurdistan Education Forum was inaugurated in Iraq and Kurdistan Region during the ceremony.
Provider: Kurdistan 24
Date Published: 2023-07-25T12:35:00.0000000Z

"
Tell me the latest fashion and lifestyle news.,fashion and lifestyle,"Current Date and Time: 2023-07-25 16:33:54.803414

Description: But we're not complaining—the 1960s was a particularly fun and playful time for women's fashion. Mary Quant finally liberated our legs with the mini skirt (and caused quite the stir while doing so), while women started experimenting with gender fluid fashion by bringing suits, ties and blazers into their wardrobes.
Provider: ELLE Australia on MSN.com
Date Published: 2023-07-25T01:11:35.0000000Z

Description: Amidst the growing concerns about climate change and environmental degradation, the need for sustainable practices has become paramount for many businesses.
Provider: Zee Business
Date Published: 2023-07-25T15:49:00.0000000Z

Description: TheWrapBOOK, a biannual coffee table collectible that presents Hollywood style and luxury through the lens of modern artistry
Provider: TheWrap
Date Published: 2023-07-24T21:30:00.0000000Z

Description: While we all love a great viral fashion trend, the best-dressed people are those who have built their wardrobes around classic and timeless pieces. Celebrities like Reese Witherspoon and Jennifer Aniston are prime examples of stars who embody that timeless ...
Provider: MSN
Date Published: 2023-07-25T11:12:00.0000000Z

Description: Traditional social accounts might be great for showcasing your style, voice, and vision and getting more eyes on yourself, but when it comes to professional networking, there is one platform that reigns supreme: LinkedIn, with its new 2023 Guide to Kickstarting Your Career making it easier than ever to maximize your professional social presence.
Provider: Teen Vogue
Date Published: 2023-07-21T15:49:00.0000000Z

Description: The much-awaited Harmony Fashion and Lifestyle Exhibition, hosted by the illustrious Harmony Brand, commenced on July 23 with grandeur and glamour at Hotel Alcor. The brainchild of entrepreneurs Preeti Khara and Jaya Gandhi,
Provider: The Pioneer
Date Published: 2023-07-22T18:59:00.0000000Z

Description: Through the Green Access platform emerging designers will be empowered to make significant impact and contribute to a more sustainable and circular fashion industry. Temi Iwalaiye Temi Iwalaiye is a lifestyle Reporter at Pulse. She loves to write - about ...
Provider: Naija Gist - Latest
Date Published: 2023-07-25T10:40:00.0000000Z

Description: Buyers are seeking out suppliers who can meet their sustainable standards, and sourcing execs show an openness to new destinations.
Provider: Yahoo
Date Published: 2023-07-25T12:17:00.0000000Z

Description: Hemline, a new-to-market women's boutique with 32 locations in seven states, has signed a five-year lease for a space at the popular lifestyle center, according to Colliers Senior Vice President Alexie Fonseca, who is leading the retail team that is exclusive leasing partner for the property.
Provider: The Business Journals
Date Published: 2023-07-25T13:20:00.0000000Z

Description: Diddy just launched Empower Global, a curated marketplace that showcases top black-owned fashion, art, beauty, and lifestyle companies.
Provider: Entertainment Tonight
Date Published: 2023-07-13T00:24:00.0000000Z

"
Any updates on the technology and gaming world?,technology and gaming,"Current Date and Time: 2023-07-25 16:33:55.353501

Description: Cryptocurrencies have emerged as a decentralized and secure way of conducting transactions, making them an attractive alternative to traditional payment methods. Their borderless nature, reduced transaction fees,
Provider: cryptopolitan
Date Published: 2023-07-24T22:20:00.0000000Z

Description: Valhalla Ventures, an early-stage venture capital firm, today announced its debut $66M flagship fund to invest in audacious innovators challenging the status quo across deeptech and gaming. The firm is committed to supporting entrepreneurs who are unafraid to question consensus views and push the boundaries of science and engineering.
Provider: YAHOO!Finance
Date Published: 2023-07-25T14:30:00.0000000Z

Description: Hasbro has announced a new partnership that will add smart-sensing technology, AI and dynamic multimedia to its board game line. This week, Hasbro announced that it had reached a strategic partnership with Xplored,
Provider: Comicbook.com
Date Published: 2023-07-25T12:17:00.0000000Z

Description: Key Points Shopping for a gaming laptop is a roller-coaster, involving comparing various specs, learning new jargon involving gaming laptops, and evaluating different models. A good gaming laptop should perfectly balance the processor,
Provider: History Computer on MSN.com
Date Published: 2023-07-24T06:44:00.0000000Z

Description: Related: The Best Gaming Keyboards HDR technology enhances color and contrast, immersing gamers in true-to-life worlds. In addition, features such as adaptive sync and curved screens further enhance the experience. With so many brands vying for the top ...
Provider: MSN
Date Published: 2023-07-25T14:00:00.0000000Z

Description: Gaming PCs can also be used for other demanding tasks like video editing. Like a lot of technology, gaming PCs aren’t one size fits all; each user will have different needs and requirements that they’d like fulfilling, and as a gaming set-up consists ...
Provider: Radio Times
Date Published: 2023-07-21T12:02:00.0000000Z

Description: Infinix prepares to launch the GT 10 Pro, a budget-friendly smartphone offering an array of high-end features, set to shake up the mobile gaming industry in India., Technology & Science News, Times No
Provider: headlinestoday
Date Published: 2023-07-25T15:53:00.0000000Z

Description: Holland & Knight says it has seen a lot of interest in the gaming sector from private equity firms, professional teams and leagues, and many tech companies.
Provider: The Business Journals
Date Published: 2023-07-25T10:22:00.0000000Z

Description: It offers a 100Hz refresh rate and a fast 1ms (VRB) response time. AMD FreeSync technology ensures a lag-free and stutter-free gaming experience during intense action scenes. Like its counterpart, the Nitro VG0 supports HDR10, offering a wide color gamut.
Provider: Gizmochina
Date Published: 2023-07-25T16:27:00.0000000Z

Description: A replay of the call will be available until August 17, 2023 following the conclusion of the live call. In order to access the replay, dial (647) 362-9199 or (800) 770-2030 (toll-free) and use the passcode 2522980.
Provider: Business Wire
Date Published: 2023-07-24T12:00:00.0000000Z

"
